-- --------------------------------------------------------
-- Хост:                         127.0.0.1
-- Версия сервера:               5.6.22 - MySQL Community Server (GPL)
-- ОС Сервера:                   Win64
-- HeidiSQL Версия:              9.3.0.4984
-- --------------------------------------------------------

/*!40101 SET @OLD_CHARACTER_SET_CLIENT=@@CHARACTER_SET_CLIENT */;
/*!40101 SET NAMES utf8mb4 */;
/*!40014 SET @OLD_FOREIGN_KEY_CHECKS=@@FOREIGN_KEY_CHECKS, FOREIGN_KEY_CHECKS=0 */;
/*!40101 SET @OLD_SQL_MODE=@@SQL_MODE, SQL_MODE='NO_AUTO_VALUE_ON_ZERO' */;

-- Дамп структуры базы данных bd_1
CREATE DATABASE IF NOT EXISTS `bd_1` /*!40100 DEFAULT CHARACTER SET utf8 */;
USE `bd_1`;


-- Дамп структуры для таблица bd_1.classname
CREATE TABLE IF NOT EXISTS `classname` (
  `id` int(11) NOT NULL AUTO_INCREMENT,
  `Number_class` int(11) NOT NULL,
  `Character_class` varchar(50) NOT NULL,
  `Form_master` varchar(50) NOT NULL,
  PRIMARY KEY (`id`)
) ENGINE=InnoDB AUTO_INCREMENT=15 DEFAULT CHARSET=utf8;

-- Дамп данных таблицы bd_1.classname: ~14 rows (приблизительно)
/*!40000 ALTER TABLE `classname` DISABLE KEYS */;
INSERT INTO `classname` (`id`, `Number_class`, `Character_class`, `Form_master`) VALUES
	(1, 3, '', 'Быстрицкая Тамара Васильевна'),
	(2, 4, '', 'Односумова Ирина Владимировна'),
	(3, 5, 'а', 'Чубукова  Тамара Владимировна'),
	(4, 5, 'б', 'Орлова Надежда Ивановна'),
	(5, 5, 'в', 'Батаева Ольга Николаевна'),
	(6, 6, 'а', 'Зарековская Тамара Дмитриевна'),
	(7, 6, 'б', 'Волкова Светлана Владимировна'),
	(8, 7, 'а', 'Журавлева Галина Евгеньевна'),
	(9, 7, 'б', 'Лаптева Светлана Сергеевна'),
	(10, 8, 'а', 'Киселева Ирина Анатольевна'),
	(11, 8, 'б', 'Ольга Валентиновна Вицке'),
	(12, 9, '', 'Гулина Маргарита Владимировна'),
	(13, 10, '', 'Дремова Татьяна Иннокентьевна'),
	(14, 11, '', 'Миронова Ирина Витальевна');
/*!40000 ALTER TABLE `classname` ENABLE KEYS */;


-- Дамп структуры для таблица bd_1.component
CREATE TABLE IF NOT EXISTS `component` (
  `id` int(11) NOT NULL AUTO_INCREMENT,
  `component` varchar(50) NOT NULL,
  `System` varchar(50) NOT NULL,
  `specification` varchar(100) NOT NULL,
  `cabinet` varchar(50) NOT NULL,
  `stage` int(11) NOT NULL,
  PRIMARY KEY (`id`)
) ENGINE=InnoDB AUTO_INCREMENT=16 DEFAULT CHARSET=utf8;

-- Дамп данных таблицы bd_1.component: ~15 rows (приблизительно)
/*!40000 ALTER TABLE `component` DISABLE KEYS */;
INSERT INTO `component` (`id`, `component`, `System`, `specification`, `cabinet`, `stage`) VALUES
	(1, 'PC_user_1', 'Win XP', 'Мат. плата - ASUS M4N78; ОЗУ - DDR II 512Мб; Intel Celeron Processor 1.70 GHz', '26 (Информатика)', 3),
	(2, 'PC_user_2', 'Win XP', 'Мат. плата - ASUS M4N78; ОЗУ - DDR II 512Мб; Intel Celeron Processor 1.70 GHz', '26 (Информатика)', 3),
	(3, 'PC_user_3', 'Win XP', 'Мат. плата - ASUS M4N78; ОЗУ - DDR II 512Мб; Intel Celeron Processor 1.70 GHz', '26 (Информатика)', 3),
	(4, 'PC_user_4', 'Win XP', 'Мат. плата - ASUS M4N78; ОЗУ - DDR II 512Мб; Intel Celeron Processor 1.70 GHz', '26 (Информатика)', 3),
	(5, 'PC_user_5', 'Win XP', 'Мат. плата - ASUS M4N78; ОЗУ - DDR II 512Мб; Intel Celeron Processor 1.70 GHz', '26 (Информатика)', 3),
	(6, 'PC_user_6', 'Win XP', 'Мат. плата - ASUS M4N78; ОЗУ - DDR II 512Мб; Intel Celeron Processor 1.70 GHz', '26 (Информатика)', 3),
	(7, 'PC_user_7', 'Win XP', 'Мат. плата - ASUS M4N78; ОЗУ - DDR II 512Мб; Intel Celeron Processor 1.70 GHz', '26 (Информатика)', 3),
	(8, 'PC_user_8', 'Win XP', 'Мат. плата - ASUS M4N78; ОЗУ - DDR II 512Мб; Intel Celeron Processor 1.70 GHz', '26 (Информатика)', 3),
	(9, 'PC_user_9', 'Win XP', 'Мат. плата - ASUS M4N78; ОЗУ - DDR II 512Мб; Intel Celeron Processor 1.70 GHz', '26 (Информатика)', 3),
	(10, 'PC_user_10', 'Win XP', 'Мат. плата - ASUS M4N78; ОЗУ - DDR II 512Мб; Intel Celeron Processor 1.70 GHz', '26 (Информатика)', 3),
	(11, 'Notebook', 'Win 7', 'ASUS K52Dr; ОЗУ - DDR II 2048Мб; AMD Athlon II Dual-Core P320 2,1GHz', '24 (Физика)', 3),
	(12, 'Notebook', 'Win 7', 'ASUS K50AB; ОЗУ - DDR II 4096Мб; AMD Turion X2 Ultra ZM-84 2,3GHz', '18 (Библиотека)', 2),
	(13, 'PC_ZNVR', 'Win XP', 'Мат. плата - ASUS M4N78; ОЗУ - DDR II 2048Мб; Intel Celeron Processor 2.00 GHz', '14 (ЗНВР)', 2),
	(14, 'PC_Secretary', 'Win XP', 'Мат. плата - ASUS M4N78; ОЗУ - DDR II 2048Мб; Intel Celeron Processor 2.00 GHz', '2 (Секретариат)', 1),
	(15, 'PC_admin', 'Win 7', 'Мат. плата - ASUS M4N78; ОЗУ - DDR II 4096Мб; Intel Celeron Processor 2.00 GHz', '26 (Информатика)', 3);
/*!40000 ALTER TABLE `component` ENABLE KEYS */;


-- Дамп структуры для таблица bd_1.journal
CREATE TABLE IF NOT EXISTS `journal` (
  `Number` int(11) NOT NULL AUTO_INCREMENT,
  `Kod_student` int(11) NOT NULL,
  `Kod_task` int(11) NOT NULL,
  `Mark` int(11) NOT NULL,
  PRIMARY KEY (`Number`),
  KEY `Код_ученика` (`Kod_student`),
  KEY `Код_предмета` (`Kod_task`),
  CONSTRAINT `FK_journal_student` FOREIGN KEY (`Kod_student`) REFERENCES `student` (`id`),
  CONSTRAINT `FK_journal_task` FOREIGN KEY (`Kod_task`) REFERENCES `task` (`id`)
) ENGINE=InnoDB AUTO_INCREMENT=5965 DEFAULT CHARSET=utf8;

-- Дамп данных таблицы bd_1.journal: ~785 rows (приблизительно)
/*!40000 ALTER TABLE `journal` DISABLE KEYS */;
INSERT INTO `journal` (`Number`, `Kod_student`, `Kod_task`, `Mark`) VALUES
	(4752, 24, 14, 10),
	(4753, 24, 15, 6),
	(4754, 24, 16, 2),
	(4755, 25, 0, 11),
	(4756, 25, 1, 5),
	(4757, 25, 2, 12),
	(4758, 25, 3, 12),
	(4759, 25, 4, 10),
	(4760, 25, 5, 1),
	(4761, 25, 6, 11),
	(4762, 25, 7, 3),
	(4763, 25, 8, 6),
	(4764, 25, 9, 7),
	(4765, 25, 10, 7),
	(4766, 25, 11, 2),
	(4767, 25, 12, 11),
	(4768, 25, 13, 12),
	(4769, 25, 14, 5),
	(4770, 25, 15, 9),
	(4771, 25, 16, 6),
	(4772, 26, 0, 2),
	(4773, 26, 1, 4),
	(4774, 26, 2, 11),
	(4775, 26, 3, 9),
	(4776, 26, 4, 12),
	(4777, 26, 5, 8),
	(4778, 26, 6, 2),
	(4779, 26, 7, 10),
	(4780, 26, 8, 9),
	(4781, 26, 9, 3),
	(4782, 26, 10, 11),
	(4783, 26, 11, 9),
	(4784, 26, 12, 10),
	(4785, 26, 13, 2),
	(4786, 26, 14, 2),
	(4787, 26, 15, 4),
	(4788, 26, 16, 12),
	(4789, 27, 0, 12),
	(4790, 27, 1, 2),
	(4791, 27, 2, 6),
	(4792, 27, 3, 11),
	(4793, 27, 4, 3),
	(4794, 27, 5, 3),
	(4795, 27, 6, 7),
	(4796, 27, 7, 3),
	(4797, 27, 8, 3),
	(4798, 27, 9, 7),
	(4799, 27, 10, 12),
	(4800, 27, 11, 4),
	(4801, 27, 12, 5),
	(4802, 27, 13, 2),
	(4803, 27, 14, 3),
	(4804, 27, 15, 8),
	(4805, 27, 16, 9),
	(4806, 28, 0, 8),
	(4807, 28, 1, 12),
	(4808, 28, 2, 12),
	(4809, 28, 3, 11),
	(4810, 28, 4, 8),
	(4811, 28, 5, 5),
	(4812, 28, 6, 2),
	(4813, 28, 7, 6),
	(4814, 28, 8, 1),
	(4815, 28, 9, 8),
	(4816, 28, 10, 3),
	(4817, 28, 11, 1),
	(4818, 28, 12, 7),
	(4819, 28, 13, 8),
	(4820, 28, 14, 7),
	(4821, 28, 15, 12),
	(4822, 28, 16, 4),
	(4823, 29, 0, 3),
	(4824, 29, 1, 2),
	(4825, 29, 2, 3),
	(4826, 29, 3, 6),
	(4827, 29, 4, 8),
	(4828, 29, 5, 10),
	(4829, 29, 6, 5),
	(4830, 29, 7, 2),
	(4831, 29, 8, 6),
	(4832, 29, 9, 3),
	(4833, 29, 10, 5),
	(4834, 29, 11, 4),
	(4835, 29, 12, 6),
	(4836, 29, 13, 4),
	(4837, 29, 14, 3),
	(4838, 29, 15, 11),
	(4839, 29, 16, 3),
	(4840, 30, 0, 11),
	(4841, 30, 1, 3),
	(4842, 30, 2, 2),
	(4843, 30, 3, 2),
	(4844, 30, 4, 3),
	(4845, 30, 5, 6),
	(4846, 30, 6, 9),
	(4847, 30, 7, 4),
	(4848, 30, 8, 5),
	(4849, 30, 9, 11),
	(4850, 30, 10, 4),
	(4851, 30, 11, 9),
	(4852, 30, 12, 11),
	(4853, 30, 13, 3),
	(4854, 30, 14, 2),
	(4855, 30, 15, 3),
	(4856, 30, 16, 7),
	(4857, 31, 0, 3),
	(4858, 31, 1, 4),
	(4859, 31, 2, 9),
	(4860, 31, 3, 9),
	(4861, 31, 4, 5),
	(4862, 31, 5, 12),
	(4863, 31, 6, 7),
	(4864, 31, 7, 1),
	(4865, 31, 8, 5),
	(4866, 31, 9, 11),
	(4867, 31, 10, 5),
	(4868, 31, 11, 3),
	(4869, 31, 12, 11),
	(4870, 31, 13, 10),
	(4871, 31, 14, 7),
	(4872, 31, 15, 5),
	(4873, 31, 16, 2),
	(4874, 32, 0, 4),
	(4875, 32, 1, 12),
	(4876, 32, 2, 3),
	(4877, 32, 3, 2),
	(4878, 32, 4, 11),
	(4879, 32, 5, 1),
	(4880, 32, 6, 8),
	(4881, 32, 7, 11),
	(4882, 32, 8, 7),
	(4883, 32, 9, 2),
	(4884, 32, 10, 8),
	(4885, 32, 11, 3),
	(4886, 32, 12, 11),
	(4887, 32, 13, 2),
	(4888, 32, 14, 10),
	(4889, 32, 15, 9),
	(4890, 32, 16, 1),
	(4891, 33, 0, 12),
	(4892, 33, 1, 11),
	(4893, 33, 2, 6),
	(4894, 33, 3, 9),
	(4895, 33, 4, 4),
	(4896, 33, 5, 3),
	(4897, 33, 6, 2),
	(4898, 33, 7, 2),
	(4899, 33, 8, 12),
	(4900, 33, 9, 9),
	(4901, 33, 10, 7),
	(4902, 33, 11, 9),
	(4903, 33, 12, 2),
	(4904, 33, 13, 2),
	(4905, 33, 14, 5),
	(4906, 33, 15, 7),
	(4907, 33, 16, 7),
	(4908, 34, 0, 12),
	(4909, 34, 1, 4),
	(4910, 34, 2, 7),
	(4911, 34, 3, 12),
	(4912, 34, 4, 3),
	(4913, 34, 5, 3),
	(4914, 34, 6, 2),
	(4915, 34, 7, 1),
	(4916, 34, 8, 9),
	(4917, 34, 9, 9),
	(4918, 34, 10, 7),
	(4919, 34, 11, 7),
	(4920, 34, 12, 1),
	(4921, 34, 13, 7),
	(4922, 34, 14, 6),
	(4923, 34, 15, 8),
	(4924, 34, 16, 1),
	(4925, 35, 0, 1),
	(4926, 35, 1, 3),
	(4927, 35, 2, 8),
	(4928, 35, 3, 10),
	(4929, 35, 4, 4),
	(4930, 35, 5, 11),
	(4931, 35, 6, 9),
	(4932, 35, 7, 2),
	(4933, 35, 8, 12),
	(4934, 35, 9, 8),
	(4935, 35, 10, 4),
	(4936, 35, 11, 7),
	(4937, 35, 12, 2),
	(4938, 35, 13, 6),
	(4939, 35, 14, 4),
	(4940, 35, 15, 2),
	(4941, 35, 16, 5),
	(5370, 1, 0, 8),
	(5371, 1, 1, 12),
	(5372, 1, 2, 3),
	(5373, 1, 3, 10),
	(5374, 1, 4, 6),
	(5375, 1, 5, 11),
	(5376, 1, 6, 3),
	(5377, 1, 7, 2),
	(5378, 1, 8, 2),
	(5379, 1, 9, 4),
	(5380, 1, 10, 11),
	(5381, 1, 11, 8),
	(5382, 1, 12, 6),
	(5383, 1, 13, 4),
	(5384, 1, 14, 12),
	(5385, 1, 15, 3),
	(5386, 1, 16, 3),
	(5387, 2, 0, 2),
	(5388, 2, 1, 11),
	(5389, 2, 2, 5),
	(5390, 2, 3, 4),
	(5391, 2, 4, 2),
	(5392, 2, 5, 8),
	(5393, 2, 6, 11),
	(5394, 2, 7, 9),
	(5395, 2, 8, 8),
	(5396, 2, 9, 4),
	(5397, 2, 10, 5),
	(5398, 2, 11, 2),
	(5399, 2, 12, 6),
	(5400, 2, 13, 10),
	(5401, 2, 14, 10),
	(5402, 2, 15, 7),
	(5403, 2, 16, 4),
	(5404, 3, 0, 8),
	(5405, 3, 1, 7),
	(5406, 3, 2, 9),
	(5407, 3, 3, 2),
	(5408, 3, 4, 2),
	(5409, 3, 5, 2),
	(5410, 3, 6, 5),
	(5411, 3, 7, 6),
	(5412, 3, 8, 2),
	(5413, 3, 9, 3),
	(5414, 3, 10, 10),
	(5415, 3, 11, 4),
	(5416, 3, 12, 2),
	(5417, 3, 13, 7),
	(5418, 3, 14, 4),
	(5419, 3, 15, 1),
	(5420, 3, 16, 4),
	(5421, 4, 0, 4),
	(5422, 4, 1, 7),
	(5423, 4, 2, 2),
	(5424, 4, 3, 7),
	(5425, 4, 4, 6),
	(5426, 4, 5, 8),
	(5427, 4, 6, 11),
	(5428, 4, 7, 10),
	(5429, 4, 8, 2),
	(5430, 4, 9, 4),
	(5431, 4, 10, 10),
	(5432, 4, 11, 7),
	(5433, 4, 12, 3),
	(5434, 4, 13, 4),
	(5435, 4, 14, 10),
	(5436, 4, 15, 3),
	(5437, 4, 16, 7),
	(5438, 5, 0, 4),
	(5439, 5, 1, 7),
	(5440, 5, 2, 10),
	(5441, 5, 3, 8),
	(5442, 5, 4, 9),
	(5443, 5, 5, 8),
	(5444, 5, 6, 4),
	(5445, 5, 7, 2),
	(5446, 5, 8, 10),
	(5447, 5, 9, 11),
	(5448, 5, 10, 2),
	(5449, 5, 11, 10),
	(5450, 5, 12, 10),
	(5451, 5, 13, 9),
	(5452, 5, 14, 2),
	(5453, 5, 15, 5),
	(5454, 5, 16, 7),
	(5455, 6, 0, 7),
	(5456, 6, 1, 11),
	(5457, 6, 2, 3),
	(5458, 6, 3, 12),
	(5459, 6, 4, 7),
	(5460, 6, 5, 7),
	(5461, 6, 6, 2),
	(5462, 6, 7, 10),
	(5463, 6, 8, 10),
	(5464, 6, 9, 10),
	(5465, 6, 10, 6),
	(5466, 6, 11, 1),
	(5467, 6, 12, 8),
	(5468, 6, 13, 2),
	(5469, 6, 14, 6),
	(5470, 6, 15, 1),
	(5471, 6, 16, 10),
	(5472, 7, 0, 2),
	(5473, 7, 1, 2),
	(5474, 7, 2, 4),
	(5475, 7, 3, 10),
	(5476, 7, 4, 6),
	(5477, 7, 5, 9),
	(5478, 7, 6, 4),
	(5479, 7, 7, 4),
	(5480, 7, 8, 8),
	(5481, 7, 9, 3),
	(5482, 7, 10, 1),
	(5483, 7, 11, 7),
	(5484, 7, 12, 10),
	(5485, 7, 13, 4),
	(5486, 7, 14, 12),
	(5487, 7, 15, 2),
	(5488, 7, 16, 6),
	(5489, 8, 0, 11),
	(5490, 8, 1, 5),
	(5491, 8, 2, 1),
	(5492, 8, 3, 2),
	(5493, 8, 4, 3),
	(5494, 8, 5, 8),
	(5495, 8, 6, 8),
	(5496, 8, 7, 4),
	(5497, 8, 8, 7),
	(5498, 8, 9, 10),
	(5499, 8, 10, 8),
	(5500, 8, 11, 7),
	(5501, 8, 12, 12),
	(5502, 8, 13, 2),
	(5503, 8, 14, 9),
	(5504, 8, 15, 5),
	(5505, 8, 16, 7),
	(5506, 9, 0, 8),
	(5507, 9, 1, 5),
	(5508, 9, 2, 2),
	(5509, 9, 3, 7),
	(5510, 9, 4, 3),
	(5511, 9, 5, 4),
	(5512, 9, 6, 1),
	(5513, 9, 7, 3),
	(5514, 9, 8, 1),
	(5515, 9, 9, 7),
	(5516, 9, 10, 7),
	(5517, 9, 11, 3),
	(5518, 9, 12, 5),
	(5519, 9, 13, 2),
	(5520, 9, 14, 8),
	(5521, 9, 15, 7),
	(5522, 9, 16, 2),
	(5523, 10, 0, 11),
	(5524, 10, 1, 12),
	(5525, 10, 2, 4),
	(5526, 10, 3, 4),
	(5527, 10, 4, 9),
	(5528, 10, 5, 11),
	(5529, 10, 6, 4),
	(5530, 10, 7, 6),
	(5531, 10, 8, 7),
	(5532, 10, 9, 4),
	(5533, 10, 10, 10),
	(5534, 10, 11, 2),
	(5535, 10, 12, 3),
	(5536, 10, 13, 8),
	(5537, 10, 14, 8),
	(5538, 10, 15, 5),
	(5539, 10, 16, 10),
	(5540, 11, 0, 11),
	(5541, 11, 1, 12),
	(5542, 11, 2, 4),
	(5543, 11, 3, 5),
	(5544, 11, 4, 1),
	(5545, 11, 5, 12),
	(5546, 11, 6, 10),
	(5547, 11, 7, 1),
	(5548, 11, 8, 9),
	(5549, 11, 9, 8),
	(5550, 11, 10, 2),
	(5551, 11, 11, 8),
	(5552, 11, 12, 9),
	(5553, 11, 13, 11),
	(5554, 11, 14, 6),
	(5555, 11, 15, 3),
	(5556, 11, 16, 11),
	(5557, 12, 0, 10),
	(5558, 12, 1, 5),
	(5559, 12, 2, 6),
	(5560, 12, 3, 2),
	(5561, 12, 4, 12),
	(5562, 12, 5, 8),
	(5563, 12, 6, 6),
	(5564, 12, 7, 5),
	(5565, 12, 8, 7),
	(5566, 12, 9, 6),
	(5567, 12, 10, 9),
	(5568, 12, 11, 4),
	(5569, 12, 12, 4),
	(5570, 12, 13, 5),
	(5571, 12, 14, 2),
	(5572, 12, 15, 6),
	(5573, 12, 16, 10),
	(5574, 13, 0, 9),
	(5575, 13, 1, 6),
	(5576, 13, 2, 10),
	(5577, 13, 3, 11),
	(5578, 13, 4, 11),
	(5579, 13, 5, 9),
	(5580, 13, 6, 3),
	(5581, 13, 7, 7),
	(5582, 13, 8, 2),
	(5583, 13, 9, 10),
	(5584, 13, 10, 12),
	(5585, 13, 11, 6),
	(5586, 13, 12, 4),
	(5587, 13, 13, 3),
	(5588, 13, 14, 10),
	(5589, 13, 15, 7),
	(5590, 13, 16, 5),
	(5591, 14, 0, 2),
	(5592, 14, 1, 5),
	(5593, 14, 2, 5),
	(5594, 14, 3, 12),
	(5595, 14, 4, 9),
	(5596, 14, 5, 11),
	(5597, 14, 6, 3),
	(5598, 14, 7, 2),
	(5599, 14, 8, 2),
	(5600, 14, 9, 12),
	(5601, 14, 10, 9),
	(5602, 14, 11, 8),
	(5603, 14, 12, 2),
	(5604, 14, 13, 7),
	(5605, 14, 14, 6),
	(5606, 14, 15, 7),
	(5607, 14, 16, 7),
	(5608, 15, 0, 2),
	(5609, 15, 1, 8),
	(5610, 15, 2, 10),
	(5611, 15, 3, 5),
	(5612, 15, 4, 4),
	(5613, 15, 5, 5),
	(5614, 15, 6, 1),
	(5615, 15, 7, 12),
	(5616, 15, 8, 10),
	(5617, 15, 9, 4),
	(5618, 15, 10, 8),
	(5619, 15, 11, 8),
	(5620, 15, 12, 12),
	(5621, 15, 13, 3),
	(5622, 15, 14, 11),
	(5623, 15, 15, 10),
	(5624, 15, 16, 8),
	(5625, 16, 0, 8),
	(5626, 16, 1, 5),
	(5627, 16, 2, 10),
	(5628, 16, 3, 3),
	(5629, 16, 4, 5),
	(5630, 16, 5, 3),
	(5631, 16, 6, 11),
	(5632, 16, 7, 2),
	(5633, 16, 8, 10),
	(5634, 16, 9, 7),
	(5635, 16, 10, 7),
	(5636, 16, 11, 10),
	(5637, 16, 12, 7),
	(5638, 16, 13, 2),
	(5639, 16, 14, 2),
	(5640, 16, 15, 3),
	(5641, 16, 16, 6),
	(5642, 17, 0, 9),
	(5643, 17, 1, 4),
	(5644, 17, 2, 3),
	(5645, 17, 3, 11),
	(5646, 17, 4, 4),
	(5647, 17, 5, 7),
	(5648, 17, 6, 12),
	(5649, 17, 7, 4),
	(5650, 17, 8, 5),
	(5651, 17, 9, 12),
	(5652, 17, 10, 9),
	(5653, 17, 11, 12),
	(5654, 17, 12, 6),
	(5655, 17, 13, 7),
	(5656, 17, 14, 5),
	(5657, 17, 15, 12),
	(5658, 17, 16, 11),
	(5659, 18, 0, 9),
	(5660, 18, 1, 11),
	(5661, 18, 2, 4),
	(5662, 18, 3, 8),
	(5663, 18, 4, 7),
	(5664, 18, 5, 9),
	(5665, 18, 6, 10),
	(5666, 18, 7, 1),
	(5667, 18, 8, 8),
	(5668, 18, 9, 12),
	(5669, 18, 10, 2),
	(5670, 18, 11, 8),
	(5671, 18, 12, 10),
	(5672, 18, 13, 3),
	(5673, 18, 14, 8),
	(5674, 18, 15, 7),
	(5675, 18, 16, 11),
	(5676, 19, 0, 11),
	(5677, 19, 1, 11),
	(5678, 19, 2, 11),
	(5679, 19, 3, 8),
	(5680, 19, 4, 4),
	(5681, 19, 5, 9),
	(5682, 19, 6, 7),
	(5683, 19, 7, 10),
	(5684, 19, 8, 4),
	(5685, 19, 9, 11),
	(5686, 19, 10, 7),
	(5687, 19, 11, 4),
	(5688, 19, 12, 10),
	(5689, 19, 13, 2),
	(5690, 19, 14, 1),
	(5691, 19, 15, 11),
	(5692, 19, 16, 5),
	(5693, 20, 0, 2),
	(5694, 20, 1, 5),
	(5695, 20, 2, 8),
	(5696, 20, 3, 10),
	(5697, 20, 4, 7),
	(5698, 20, 5, 1),
	(5699, 20, 6, 6),
	(5700, 20, 7, 5),
	(5701, 20, 8, 5),
	(5702, 20, 9, 11),
	(5703, 20, 10, 3),
	(5704, 20, 11, 5),
	(5705, 20, 12, 5),
	(5706, 20, 13, 6),
	(5707, 20, 14, 5),
	(5708, 20, 15, 6),
	(5709, 20, 16, 3),
	(5710, 21, 0, 9),
	(5711, 21, 1, 10),
	(5712, 21, 2, 11),
	(5713, 21, 3, 3),
	(5714, 21, 4, 2),
	(5715, 21, 5, 2),
	(5716, 21, 6, 3),
	(5717, 21, 7, 9),
	(5718, 21, 8, 3),
	(5719, 21, 9, 6),
	(5720, 21, 10, 9),
	(5721, 21, 11, 3),
	(5722, 21, 12, 11),
	(5723, 21, 13, 10),
	(5724, 21, 14, 5),
	(5725, 21, 15, 7),
	(5726, 21, 16, 8),
	(5727, 22, 0, 8),
	(5728, 22, 1, 2),
	(5729, 22, 2, 7),
	(5730, 22, 3, 5),
	(5731, 22, 4, 2),
	(5732, 22, 5, 7),
	(5733, 22, 6, 5),
	(5734, 22, 7, 2),
	(5735, 22, 8, 4),
	(5736, 22, 9, 3),
	(5737, 22, 10, 2),
	(5738, 22, 11, 12),
	(5739, 22, 12, 7),
	(5740, 22, 13, 9),
	(5741, 22, 14, 2),
	(5742, 22, 15, 3),
	(5743, 22, 16, 9),
	(5744, 23, 0, 11),
	(5745, 23, 1, 7),
	(5746, 23, 2, 12),
	(5747, 23, 3, 3),
	(5748, 23, 4, 10),
	(5749, 23, 5, 10),
	(5750, 23, 6, 5),
	(5751, 23, 7, 6),
	(5752, 23, 8, 2),
	(5753, 23, 9, 4),
	(5754, 23, 10, 12),
	(5755, 23, 11, 1),
	(5756, 23, 12, 3),
	(5757, 23, 13, 9),
	(5758, 23, 14, 5),
	(5759, 23, 15, 5),
	(5760, 23, 16, 12),
	(5761, 24, 0, 9),
	(5762, 24, 1, 7),
	(5763, 24, 2, 8),
	(5764, 24, 3, 6),
	(5765, 24, 4, 7),
	(5766, 24, 5, 3),
	(5767, 24, 6, 5),
	(5768, 24, 7, 5),
	(5769, 24, 8, 9),
	(5770, 24, 9, 5),
	(5771, 24, 10, 9),
	(5772, 24, 11, 9),
	(5773, 24, 12, 3),
	(5774, 24, 13, 11),
	(5775, 24, 14, 1),
	(5776, 24, 15, 5),
	(5777, 24, 16, 7),
	(5778, 25, 0, 10),
	(5779, 25, 1, 6),
	(5780, 25, 2, 10),
	(5781, 25, 3, 10),
	(5782, 25, 4, 6),
	(5783, 25, 5, 11),
	(5784, 25, 6, 1),
	(5785, 25, 7, 6),
	(5786, 25, 8, 5),
	(5787, 25, 9, 5),
	(5788, 25, 10, 10),
	(5789, 25, 11, 2),
	(5790, 25, 12, 1),
	(5791, 25, 13, 9),
	(5792, 25, 14, 6),
	(5793, 25, 15, 4),
	(5794, 25, 16, 2),
	(5795, 26, 0, 7),
	(5796, 26, 1, 8),
	(5797, 26, 2, 4),
	(5798, 26, 3, 9),
	(5799, 26, 4, 9),
	(5800, 26, 5, 5),
	(5801, 26, 6, 7),
	(5802, 26, 7, 11),
	(5803, 26, 8, 9),
	(5804, 26, 9, 2),
	(5805, 26, 10, 2),
	(5806, 26, 11, 5),
	(5807, 26, 12, 8),
	(5808, 26, 13, 10),
	(5809, 26, 14, 5),
	(5810, 26, 15, 5),
	(5811, 26, 16, 9),
	(5812, 27, 0, 6),
	(5813, 27, 1, 2),
	(5814, 27, 2, 2),
	(5815, 27, 3, 2),
	(5816, 27, 4, 2),
	(5817, 27, 5, 5),
	(5818, 27, 6, 6),
	(5819, 27, 7, 2),
	(5820, 27, 8, 4),
	(5821, 27, 9, 1),
	(5822, 27, 10, 3),
	(5823, 27, 11, 1),
	(5824, 27, 12, 7),
	(5825, 27, 13, 9),
	(5826, 27, 14, 2),
	(5827, 27, 15, 2),
	(5828, 27, 16, 4),
	(5829, 28, 0, 11),
	(5830, 28, 1, 10),
	(5831, 28, 2, 7),
	(5832, 28, 3, 2),
	(5833, 28, 4, 10),
	(5834, 28, 5, 9),
	(5835, 28, 6, 2),
	(5836, 28, 7, 5),
	(5837, 28, 8, 6),
	(5838, 28, 9, 4),
	(5839, 28, 10, 11),
	(5840, 28, 11, 12),
	(5841, 28, 12, 12),
	(5842, 28, 13, 12),
	(5843, 28, 14, 2),
	(5844, 28, 15, 4),
	(5845, 28, 16, 3),
	(5846, 29, 0, 2),
	(5847, 29, 1, 10),
	(5848, 29, 2, 11),
	(5849, 29, 3, 4),
	(5850, 29, 4, 6),
	(5851, 29, 5, 8),
	(5852, 29, 6, 7),
	(5853, 29, 7, 11),
	(5854, 29, 8, 10),
	(5855, 29, 9, 5),
	(5856, 29, 10, 6),
	(5857, 29, 11, 2),
	(5858, 29, 12, 4),
	(5859, 29, 13, 10),
	(5860, 29, 14, 7),
	(5861, 29, 15, 5),
	(5862, 29, 16, 11),
	(5863, 30, 0, 7),
	(5864, 30, 1, 1),
	(5865, 30, 2, 6),
	(5866, 30, 3, 1),
	(5867, 30, 4, 12),
	(5868, 30, 5, 9),
	(5869, 30, 6, 9),
	(5870, 30, 7, 6),
	(5871, 30, 8, 12),
	(5872, 30, 9, 9),
	(5873, 30, 10, 6),
	(5874, 30, 11, 4),
	(5875, 30, 12, 2),
	(5876, 30, 13, 5),
	(5877, 30, 14, 9),
	(5878, 30, 15, 6),
	(5879, 30, 16, 4),
	(5880, 31, 0, 1),
	(5881, 31, 1, 3),
	(5882, 31, 2, 10),
	(5883, 31, 3, 7),
	(5884, 31, 4, 2),
	(5885, 31, 5, 2),
	(5886, 31, 6, 1),
	(5887, 31, 7, 12),
	(5888, 31, 8, 8),
	(5889, 31, 9, 6),
	(5890, 31, 10, 5),
	(5891, 31, 11, 3),
	(5892, 31, 12, 2),
	(5893, 31, 13, 11),
	(5894, 31, 14, 5),
	(5895, 31, 15, 3),
	(5896, 31, 16, 7),
	(5897, 32, 0, 4),
	(5898, 32, 1, 8),
	(5899, 32, 2, 7),
	(5900, 32, 3, 10),
	(5901, 32, 4, 7),
	(5902, 32, 5, 12),
	(5903, 32, 6, 5),
	(5904, 32, 7, 12),
	(5905, 32, 8, 9),
	(5906, 32, 9, 9),
	(5907, 32, 10, 7),
	(5908, 32, 11, 7),
	(5909, 32, 12, 2),
	(5910, 32, 13, 9),
	(5911, 32, 14, 7),
	(5912, 32, 15, 6),
	(5913, 32, 16, 7),
	(5914, 33, 0, 5),
	(5915, 33, 1, 6),
	(5916, 33, 2, 10),
	(5917, 33, 3, 12),
	(5918, 33, 4, 5),
	(5919, 33, 5, 9),
	(5920, 33, 6, 9),
	(5921, 33, 7, 6),
	(5922, 33, 8, 12),
	(5923, 33, 9, 8),
	(5924, 33, 10, 3),
	(5925, 33, 11, 1),
	(5926, 33, 12, 7),
	(5927, 33, 13, 7),
	(5928, 33, 14, 5),
	(5929, 33, 15, 11),
	(5930, 33, 16, 8),
	(5931, 34, 0, 3),
	(5932, 34, 1, 4),
	(5933, 34, 2, 10),
	(5934, 34, 3, 4),
	(5935, 34, 4, 10),
	(5936, 34, 5, 5),
	(5937, 34, 6, 6),
	(5938, 34, 7, 3),
	(5939, 34, 8, 7),
	(5940, 34, 9, 4),
	(5941, 34, 10, 9),
	(5942, 34, 11, 9),
	(5943, 34, 12, 5),
	(5944, 34, 13, 7),
	(5945, 34, 14, 9),
	(5946, 34, 15, 11),
	(5947, 34, 16, 8),
	(5948, 35, 0, 4),
	(5949, 35, 1, 7),
	(5950, 35, 2, 10),
	(5951, 35, 3, 5),
	(5952, 35, 4, 8),
	(5953, 35, 5, 1),
	(5954, 35, 6, 2),
	(5955, 35, 7, 5),
	(5956, 35, 8, 6),
	(5957, 35, 9, 5),
	(5958, 35, 10, 5),
	(5959, 35, 11, 8),
	(5960, 35, 12, 4),
	(5961, 35, 13, 5),
	(5962, 35, 14, 2),
	(5963, 35, 15, 7),
	(5964, 35, 16, 2);
/*!40000 ALTER TABLE `journal` ENABLE KEYS */;


-- Дамп структуры для таблица bd_1.student
CREATE TABLE IF NOT EXISTS `student` (
  `id` int(11) NOT NULL AUTO_INCREMENT,
  `Last_name` varchar(50) NOT NULL,
  `Name` varchar(50) NOT NULL,
  `Kod_class` int(11) NOT NULL,
  `sex` varchar(50) NOT NULL,
  PRIMARY KEY (`id`),
  KEY `Код_класса` (`Kod_class`),
  CONSTRAINT `FK_student_class` FOREIGN KEY (`Kod_class`) REFERENCES `classname` (`id`)
) ENGINE=InnoDB AUTO_INCREMENT=37 DEFAULT CHARSET=utf8;

-- Дамп данных таблицы bd_1.student: ~35 rows (приблизительно)
/*!40000 ALTER TABLE `student` DISABLE KEYS */;
INSERT INTO `student` (`id`, `Last_name`, `Name`, `Kod_class`, `sex`) VALUES
	(1, 'Ахматяров ', 'Артем Дамирович', 1, 'Ч'),
	(2, 'Богданова', 'Юлия Сергеевна', 1, 'Ж'),
	(3, 'Валуевич ', 'Яков Иванович', 1, 'Ч'),
	(4, 'Вафина ', 'Динара Шамильевна', 2, 'Ж'),
	(5, 'Гурьянов ', 'Никита Валерьевич', 2, 'Ч'),
	(6, 'Захарова ', 'Александра Олеговна', 2, 'Ж'),
	(7, 'Кащавцева ', 'Анастасия Анатольевна', 3, 'Ж'),
	(8, 'Максимова ', 'Анастасия Сергеевна', 3, 'Ж'),
	(9, 'Митякова \r\n', 'Евгения Андреевна', 3, 'Ж'),
	(10, 'Мишутин \r\n', 'Валерий Андреевич', 4, 'Ч'),
	(11, 'Пономарев', 'Максим Вячеславович', 4, 'Ч'),
	(12, 'Раимбеков ', 'Руслан Равильевич', 4, 'Ч'),
	(13, 'Стрельников ', 'Владислав Дмитриевич', 5, 'Ч'),
	(14, 'Сологуб ', 'Яна Дмитриевна', 5, 'Ж'),
	(15, 'Туваев', 'Иван Иванович', 6, 'Ч'),
	(16, 'Хрулев', 'Станислав Владимирович', 7, 'Ч'),
	(17, 'Бедо ', 'Виктория Александровна\r\n', 7, 'Ж'),
	(18, 'Васильева', 'Елена Юрьевна\r\n', 8, 'Ж'),
	(19, 'Давыдов\r\n', 'Даниил Максимович', 8, 'Ч'),
	(20, 'Захарова \r\n', 'Наталия Олеговна', 8, 'Ж'),
	(21, 'Исмоилова ', 'Зарина Изатуловна', 8, 'Ж'),
	(22, 'Ловская \r\n', 'Надежда Николаевна', 9, 'Ж'),
	(23, 'Мелихов \r\n', 'Матвей Юрьевич', 9, 'Ч'),
	(24, 'Нурмухаметова \r\n', 'Алина Ринатовна', 9, 'Ж'),
	(25, 'Першина \r\n', 'Анна Владимировна', 10, 'Ж'),
	(26, 'Поплевичев\r\n', 'Кирилл Павлович', 10, 'Ч'),
	(27, 'Савицкая\r\n', 'Ксения Дмитриевна', 11, 'Ж'),
	(28, 'Соколенко\r\n', 'Марина Андреевна', 11, 'Ж'),
	(29, 'Челпанов', 'Александр Сергеевич', 11, 'Ч'),
	(30, 'Начаров\r\n', 'Кирилл Сергеевич', 12, 'Ч'),
	(31, 'Бабакаланов \r\n', 'Рамазон Мухамедджонович', 12, 'Ч'),
	(32, 'Батаев ', 'Александр Сергеевич', 13, 'Ч'),
	(33, 'Ваховская ', 'Мирослава Владимировна', 13, 'Ж'),
	(34, 'Воронов ', 'Евгений Юрьевич', 14, 'Ч'),
	(35, 'Демешова ', 'Наталья Дмитриевна', 14, 'Ж'),
	(36, 'Козлова', 'Ирина Олеговна', 5, 'Ж');
/*!40000 ALTER TABLE `student` ENABLE KEYS */;


-- Дамп структуры для таблица bd_1.task
CREATE TABLE IF NOT EXISTS `task` (
  `id` int(11) NOT NULL,
  `Task` varchar(50) NOT NULL,
  PRIMARY KEY (`id`)
) ENGINE=InnoDB DEFAULT CHARSET=utf8;

-- Дамп данных таблицы bd_1.task: ~18 rows (приблизительно)
/*!40000 ALTER TABLE `task` DISABLE KEYS */;
INSERT INTO `task` (`id`, `Task`) VALUES
	(0, 'Экономика'),
	(1, 'Зарубежная литература'),
	(2, 'Английский язык'),
	(3, 'Химия'),
	(4, 'Музыка'),
	(5, 'География'),
	(6, 'История родного края '),
	(7, 'Правоведение'),
	(8, 'Математика'),
	(9, 'Українознавство'),
	(10, 'Биология'),
	(11, 'Украинского язык и литератур'),
	(12, 'Русский язык и литература'),
	(13, 'Информатика'),
	(14, 'Черчение'),
	(15, 'Физика'),
	(16, 'Физическая культура');
/*!40000 ALTER TABLE `task` ENABLE KEYS */;


-- Дамп структуры для таблица bd_1.tbl_user
CREATE TABLE IF NOT EXISTS `tbl_user` (
  `id` int(11) NOT NULL AUTO_INCREMENT,
  `username` varchar(128) COLLATE utf8_unicode_ci NOT NULL,
  `password` varchar(128) COLLATE utf8_unicode_ci NOT NULL,
  `email` varchar(128) COLLATE utf8_unicode_ci NOT NULL,
  `profile` text COLLATE utf8_unicode_ci,
  PRIMARY KEY (`id`)
) ENGINE=InnoDB AUTO_INCREMENT=2 DEFAULT CHARSET=utf8 COLLATE=utf8_unicode_ci;

-- Дамп данных таблицы bd_1.tbl_user: ~0 rows (приблизительно)
/*!40000 ALTER TABLE `tbl_user` DISABLE KEYS */;
INSERT INTO `tbl_user` (`id`, `username`, `password`, `email`, `profile`) VALUES
	(1, 'demo', '$2a$10$JTJf6/XqC94rrOtzuF397OHa4mbmZrVTBOQCmYD9U.obZRUut4BoC', 'webmaster@example.com', NULL);
/*!40000 ALTER TABLE `tbl_user` ENABLE KEYS */;


-- Дамп структуры для таблица bd_1.teacher
CREATE TABLE IF NOT EXISTS `teacher` (
  `id` int(11) NOT NULL AUTO_INCREMENT,
  `Last_name` varchar(50) NOT NULL,
  `Name` varchar(50) NOT NULL,
  `Kod_task` int(11) NOT NULL,
  `Category` varchar(50) NOT NULL,
  `sex` varchar(50) NOT NULL,
  PRIMARY KEY (`id`),
  KEY `Код_предмета` (`Kod_task`),
  CONSTRAINT `FK_teacher_lesson` FOREIGN KEY (`Kod_task`) REFERENCES `task` (`id`)
) ENGINE=InnoDB AUTO_INCREMENT=27 DEFAULT CHARSET=utf8;

-- Дамп данных таблицы bd_1.teacher: ~22 rows (приблизительно)
/*!40000 ALTER TABLE `teacher` DISABLE KEYS */;
INSERT INTO `teacher` (`id`, `Last_name`, `Name`, `Kod_task`, `Category`, `sex`) VALUES
	(1, 'Быстрицкая ', 'Тамара Васильевна', 0, 'I', 'Ж'),
	(2, 'Односумова', ' Ирина Владимировна', 1, 'II', 'Ж'),
	(3, 'Чубукова  ', 'Тамара Владимировна', 2, 'I', 'Ж'),
	(4, 'Орлова ', 'Надежда Ивановна	', 3, 'I', 'Ж'),
	(5, 'Батаева ', 'Ольга Николаевна', 4, 'I', 'Ж'),
	(6, 'Зарековская ', 'Тамара Дмитриевна', 5, 'I', 'Ж'),
	(7, 'Волкова', 'Светлана Владимировна', 8, 'II', 'Ж'),
	(8, 'Журавлева', 'Галина Евгеньевна	', 6, 'II', 'Ж'),
	(9, 'Лаптева ', 'Светлана Сергеевна	', 8, 'III', 'Ж'),
	(10, 'Киселева ', 'Ирина Анатольевна', 7, 'II', 'Ж'),
	(11, 'Вицке', 'Ольга Валентиновна', 9, 'II', 'Ж'),
	(12, 'Гулина', 'Маргарита Владимировна		', 10, 'III', 'Ж'),
	(13, 'Дремова', 'Татьяна Иннокентьевна', 11, 'II', 'Ж'),
	(14, 'Миронова', 'Ирина Витальевна', 12, 'III', 'Ж'),
	(15, 'Кусяк', 'Андрей Александрович', 13, 'III', 'Ч'),
	(16, 'Гнитко', 'Галина Барисовна ', 15, 'III', 'Ж'),
	(17, 'Ширяев', 'Дмитрий Генадьевич', 7, 'II', 'Ч'),
	(18, 'Ляшко ', 'Елена Анатольевна ', 14, 'I', 'Ж'),
	(19, 'Лымаренко ', 'Владимир Анатольевич', 15, 'II', 'Ч'),
	(20, 'Рябко ', 'Андрей Алексеевич', 16, 'I', 'Ч'),
	(21, 'Цыганок ', 'Оксана Ивановна', 2, 'III', 'Ж'),
	(22, 'Колисниченко ', 'Жанна Александровна ', 16, 'I', 'Ж'),
	(23, 'Чумак', 'Тарас Олександрович', 9, 'III', 'Ч'),
	(24, 'Иванова', 'Анна Ивановна', 4, 'II', 'Ж'),
	(25, 'Колисниченко', 'Ирина Витальевна', 9, 'II', 'Ж'),
	(26, 'Семенов', 'Андрей Константинович', 3, 'II', 'Ж');
/*!40000 ALTER TABLE `teacher` ENABLE KEYS */;
/*!40101 SET SQL_MODE=IFNULL(@OLD_SQL_MODE, '') */;
/*!40014 SET FOREIGN_KEY_CHECKS=IF(@OLD_FOREIGN_KEY_CHECKS IS NULL, 1, @OLD_FOREIGN_KEY_CHECKS) */;
/*!40101 SET CHARACTER_SET_CLIENT=@OLD_CHARACTER_SET_CLIENT */;
